{"cameraMode":{"drawMode":0,"name":"Shaded","section":"Shading Mode"},"sceneLighting":false,"audioPlay":false,"sceneViewState":{"showFog":true,"showMaterialUpdate":false,"showSkybox":false,"showFlares":true,"showImageEffects":true,"showParticleSystems":true},"in2DMode":false,"pivot":{"x":-0.050806522369384769,"y":-2.4921717643737795,"z":8.620348930358887},"rotation":{"x":-0.264729768037796,"y":-0.1879957914352417,"z":0.05269933119416237,"w":-0.9443508982658386},"size":18.27118682861328,"orthographic":false}