{"cameraMode":{"drawMode":0,"name":"Shaded","section":"Shading Mode"},"sceneLighting":false,"audioPlay":false,"sceneViewState":{"showFog":true,"showMaterialUpdate":false,"showSkybox":false,"showFlares":true,"showImageEffects":true,"showParticleSystems":true},"in2DMode":false,"pivot":{"x":4.478960037231445,"y":0.9074869155883789,"z":-18.988475799560548},"rotation":{"x":-0.3621995449066162,"y":-0.0865086242556572,"z":0.03378257900476456,"w":-0.9274623990058899},"size":7.846799373626709,"orthographic":false}