{"cameraMode":{"drawMode":0,"name":"Shaded","section":"Shading Mode"},"sceneLighting":false,"audioPlay":false,"sceneViewState":{"showFog":true,"showMaterialUpdate":false,"showSkybox":false,"showFlares":true,"showImageEffects":true,"showParticleSystems":true},"in2DMode":false,"pivot":{"x":5.960464477539063e-8,"y":0.4999989867210388,"z":0.0},"rotation":{"x":-0.20258988440036775,"y":-0.011757190339267254,"z":0.002430371241644025,"w":-0.9791901111602783},"size":3.971923351287842,"orthographic":false}