{"cameraMode":{"drawMode":0,"name":"Shaded","section":"Shading Mode"},"sceneLighting":false,"audioPlay":false,"sceneViewState":{"showFog":true,"showMaterialUpdate":false,"showSkybox":false,"showFlares":true,"showImageEffects":true,"showParticleSystems":true},"in2DMode":false,"pivot":{"x":6.172040939331055,"y":-10.558831214904786,"z":106.14288330078125},"rotation":{"x":-0.29702842235565188,"y":-0.18327464163303376,"z":0.05820349603891373,"w":-0.9353057742118836},"size":19.7132568359375,"orthographic":false}